{"cameraMode":{"drawMode":0,"name":"Shaded","section":"Shading Mode"},"sceneLighting":true,"audioPlay":false,"sceneViewState":{"m_AlwaysRefresh":false,"showFog":true,"showSkybox":true,"showFlares":true,"showImageEffects":true,"showParticleSystems":true,"showVisualEffectGraphs":true,"m_FxEnabled":true},"in2DMode":false,"pivot":{"x":348.7168884277344,"y":236.61199951171876,"z":66.11817169189453},"rotation":{"x":0.017687348648905755,"y":0.015594094060361386,"z":0.0002758331538643688,"w":-0.999722957611084},"size":281.96612548828127,"orthographic":false}